2022.08.05 13:57:26;"Sperante (John Trend & Kataa Remix) - Sistem Feat. Simona Nae"
2022.08.05 14:11:59;"Wave (Club Mix) - Catz 'N Dogz Feat. ZENSOFLY & Maxville"
2022.08.05 14:19:30;"If Tomorrow Never Comes - Ronan Keating"
2022.08.05 14:20:02;"Cry Cry - Oceana"
2022.08.05 14:27:33;"La Isla Bonita (Imtieyaaz Remix) - Madonna"
2022.08.05 14:28:05;"La Fiesta Muy Picada - German Giacometti"
2022.08.05 14:30:14;"La Danza (Extended Mix) - John Summit"
2022.08.05 14:31:18;"La Danza - John Summit"
2022.08.05 14:33:27;"Play My Song - Sllash & Doppe"
2022.08.05 14:41:31;"Lose My Mind (Extended Mix) - Jay de Lys"
2022.08.05 14:48:31;"Cand te tin in brate - Feli"
2022.08.05 14:50:07;"Active Birds In A Daylight Forest - Dr. Meditation"
2022.08.05 14:54:27;"Dreamer - Livin' Joy"
2022.08.05 14:55:33;"Drmr - Essel"
2022.08.05 14:56:06;"Dreamer - Livin' Joy"
